职位名称,关键字,频次
后台开发,web,0.7631896637745579
后台开发,java,0.46042569701805436
后台开发,javascript,0.40885160559351313
后台开发,js,0.3539372232736001
后台开发,css,0.33843827351907474
后台开发,html5,0.28138610502612377
后台开发,mysql,0.2681585530804513
后台开发,jquery,0.261077136382263
后台开发,html,0.24865125425147971
后台开发,php,0.23876399320117908
后台开发,linux,0.23488925576254774
后台开发,css3,0.17342790328770588
后台开发,ajax,0.16794982621929608
后台开发,sql,0.16006673970621854
后台开发,app,0.15632561390340205
后台开发,spring,0.15124837174243688
后台开发,vue,0.1356158103520967
后台开发,react,0.13534858708046693
后台开发,python,0.13361163581487356
后台开发,redis,0.12773272383901912
后台开发,ui,0.1107640460905302
后台开发,oracle,0.09967428031789569
后台开发,bootstrap,0.09793732905230233
后台开发,http,0.09700204760159821
后台开发,node,0.09673482432996847
后台开发,h5,0.07989975821729439
后台开发,mvc,0.0793653116740349
后台开发,android,0.07549057423540358
后台开发,net,0.06747387608651115
后台开发,c++,0.0657369248209178
后台开发,git,0.06520247827765831
后台开发,nodejs,0.06293108046880545
后台开发,pc,0.0611941292032121
后台开发,com,0.060258847752507984
后台开发,w3c,0.05691855685713614
后台开发,c#,0.05331104269013456
后台开发,xml,0.05264298451106019
后台开发,angular,0.0515740914245412
后台开发,api,0.049970751794762715
后台开发,tcp,0.0470312958068355
后台开发,json,0.04663046089939088
后台开发,div,0.04409183981890828
后台开发,j2ee,0.043022946732389294
后台开发,mongodb,0.04235488855331492
后台开发,cn,0.04182044201005543
后台开发,tomcat,0.04088516055935131
后台开发,angularjs,0.04088516055935131
后台开发,ip,0.04075154892353644
后台开发,ios,0.03701042312071998
后台开发,lky,0.03607514167001587
后台开发,rayor,0.03607514167001587
后台开发,webpack,0.03527347185512662
后台开发,hibernate,0.03513986021931175
后台开发,nginx,0.03473902531186713
后台开发,抗压,0.03432553473910186
后台开发,dom,0.032734850774644025
后台开发,es6,0.03246762750301428
后台开发,springmvc,0.030062618058346556
后台开发,mybatis,0.028192055156938324
后台开发,xhtml,0.02765760861367883
后台开发,shell,0.02685593879878959
后台开发,svn,0.02605426898390035
后台开发,全日制,0.0258678009036614
后台开发,server,0.02551982244064085
后台开发,go,0.023649259539232623
